구매처,빨강,하양,Date
중고나라,2500,1400,6월16일
중고나라,2300,1200,6월16일
중고나라,,1300,6월16일
중고나라,2500,,6월14일
중고나라,,1420,6월14일
중고나라,2450,,6월14일
중고나라,,1400,6월14일
중고나라,,1312,6월14일
중고나라,,1333.333333,6월14일
중고나라,2400,1500,6월14일
중고나라,,1200,6월14일
중고나라,,1300,6월14일
중고나라,,1400,6월14일
중고나라,2400,1300,6월14일
중고나라,2400,,6월13일
중고나라,2500,1300,6월13일
중고나라,2400,,6월13일
중고나라,2400,1500,6월13일
중고나라,2300,1375,6월13일
중고나라,2300,,6월13일
중고나라,2800,1300,6월10일
중고나라,2500,1500,6월10일
중고나라,2700,1600,6월10일
중고나라,2500,1500,6월10일
중고나라,2500,,6월10일
중고나라,3000,1500,6월05일
중고나라,3000,1700,6월05일
중고나라,3000,,6월05일
중고나라,3000,,6월05일
중고나라,2500,,6월05일
중고나라,2900,,6월05일
중고나라,,1500,6월01일
중고나라,,1700,6월01일
중고나라,,1800,6월01일
중고나라,,1600,6월01일
중고나라,3000,,6월01일
중고나라,,1750,6월01일
중고나라,,1900,6월01일
중고나라,3000,,6월01일
중고나라,2900,1900,6월01일
중고나라,,1700,6월01일
중고나라,3200,2000,5월28일
중고나라,3000,1900,5월28일
중고나라,3000,1900,5월28일
중고나라,3200,2000,5월28일
중고나라,3200,1900,5월28일
중고나라,,2000,5월25일
중고나라,,2000,5월25일
중고나라,,2100,5월25일
중고나라,,2200,5월25일
중고나라,,2000,5월25일
중고나라,3200,,5월25일
중고나라,,2000,5월25일
중고나라,,2222.222222,5월25일
중고나라,,2090.909091,5월25일
중고나라,3000,,5월25일
중고나라,,2400,5월20일
중고나라,,2400,5월20일
중고나라,,2500,5월20일
중고나라,,2500,5월20일
중고나라,3400,,5월20일
중고나라,,2500,5월20일
중고나라,3500,,5월20일
중고나라,3500,,5월20일
중고나라,,2600,5월18일
중고나라,,2500,5월18일
중고나라,3600,2600,5월18일
중고나라,,2800,5월18일
중고나라,,2750,5월15일
중고나라,3800,2800,5월15일
중고나라,3500,2600,5월15일
중고나라,,2700,5월15일
중고나라,,2800,5월15일
중고나라,3500,,5월15일
중고나라,,3000,5월13일
중고나라,4000,3500,5월13일
중고나라,3900,3000,5월13일
중고나라,,3050,5월13일
중고나라,4000,3100,5월13일
중고나라,2400,1125,6월19일
중고나라,2500,1300,6월19일
중고나라,2500,1300,6월19일
중고나라,2500,1300,6월19일
중고나라,2400,1170,6월19일
중고나라,2300,1100,6월24일
중고나라,2400,1150,6월24일
중고나라,2200,1100,6월24일
중고나라,2000,1250,6월24일
중고나라,2333,1100,6월24일
중고나라,2166,1100,6월24일
중고나라,2000,1200,6월24일
중고나라,2200,900,6월26일
중고나라,1700,900,6월26일
중고나라,2000,1000,6월26일
중고나라,2000,1000,6월26일
중고나라,2000,900,6월26일
중고나라,,1000,6월26일
